feature,importance
macd,0.16188605561455313
var24,0.09728443014959454
macd_signal,0.07620615946822967
rsi,0.07586592439426756
sma21,0.07335949353407954
sma50,0.07136376379681553
ema26,0.0710588639167199
bb_pos,0.0688708501974286
ema12,0.06425441790263994
price,0.06221661641015895
sma9,0.058511934299078125
volatility,0.044714417245754784
max24,0.039357463779226554
min24,0.035049609291453225
atr,0.0
volume_z,0.0
